xmin,ymin,xmax,ymax,confidence,class
1270.5868,162.31068,1566.8562,497.4174,0.902174711227417,0.0
550.5746,241.87871,753.8323,501.76816,0.8903570771217346,0.0
