xmin,ymin,xmax,ymax,confidence,class
1516.9668,127.09498,3604.1157,2221.7454,0.9104332327842712,0.0
